City_ID,City,Country,Lat,Lng,Max Temp,Humidity,Cloudiness,Wind Speed,Current Description
0,Hermanus,ZA,-34.4187,19.2345,59.81,45,100,6.93,overcast clouds
1,Flinders,AU,-34.5833,150.8552,53.26,62,0,8.99,clear sky
2,Qaanaaq,GL,77.484,-69.3632,30.24,72,100,2.37,overcast clouds
3,Arraial Do Cabo,BR,-22.9661,-42.0278,67.86,83,100,9.22,overcast clouds
4,Rikitea,PF,-23.1203,-134.9692,74.35,78,13,10.51,light rain
5,Cidreira,BR,-30.1811,-50.2056,53.13,57,6,18.05,clear sky
6,Kavieng,PG,-2.5744,150.7967,81.9,72,6,14.0,clear sky
7,Lata,PT,40.1629,-8.3327,77.81,55,0,4.88,clear sky
8,Yulara,AU,-25.2406,130.9889,44.67,60,6,6.76,clear sky
9,Arlit,NE,18.7369,7.3853,91.38,26,100,5.39,overcast clouds
10,Bredasdorp,ZA,-34.5322,20.0403,63.88,37,100,2.64,overcast clouds
11,Vostok,RU,46.4856,135.8833,42.78,94,0,3.27,clear sky
12,Kaitangata,NZ,-46.2817,169.8464,39.0,73,100,10.31,overcast clouds
13,Burayevo,RU,55.8407,55.4083,52.03,76,76,12.17,broken clouds
14,Kijang,KR,35.2442,129.2139,65.93,88,0,9.75,clear sky
15,Busselton,AU,-33.65,115.3333,61.39,88,18,10.31,few clouds
16,Saskylakh,RU,71.9167,114.0833,50.59,59,5,9.44,clear sky
17,Bluff,NZ,-46.6,168.3333,37.8,74,100,17.72,light rain
18,Barrow,US,71.2906,-156.7887,32.02,80,75,13.8,broken clouds
19,Yellowknife,CA,62.456,-114.3525,66.72,59,40,18.41,scattered clouds
20,Tairua,NZ,-37.0167,175.85,58.6,83,99,17.07,light rain
21,Mahebourg,MU,-20.4081,57.7,73.69,73,75,10.36,broken clouds
22,Svecha,RU,58.2785,47.5164,47.26,70,1,7.18,clear sky
23,Atakpame,TG,7.5333,1.1333,72.95,93,93,6.06,overcast clouds
24,Saint-Philippe,RE,-21.3585,55.7679,67.59,79,49,12.53,light rain
25,Kapaa,US,22.0752,-159.319,78.78,84,75,12.66,broken clouds
26,Punta Arenas,CL,-53.15,-70.9167,44.71,87,75,9.22,broken clouds
27,Hithadhoo,MV,-0.6,73.0833,83.71,71,84,9.37,light rain
28,Albany,US,42.6001,-73.9662,77.92,49,100,5.1,overcast clouds
29,Hay River,CA,60.8156,-115.7999,62.56,72,75,8.05,broken clouds
30,Mataura,NZ,-46.1927,168.8643,37.47,90,100,5.99,light rain
31,Dingle,PH,10.9995,122.6711,76.6,90,76,2.71,broken clouds
32,Kirakira,SB,-10.4544,161.9205,78.4,84,9,5.61,clear sky
33,Vanimo,PG,-2.6741,141.3028,76.51,90,64,3.67,broken clouds
34,Jamestown,US,42.097,-79.2353,74.01,40,77,8.99,broken clouds
35,Elk City,US,35.412,-99.4043,91.62,52,0,8.05,clear sky
36,Valle De San Juan,CO,4.1987,-75.1173,77.18,74,80,5.95,broken clouds
37,Lysva,RU,58.1086,57.8053,50.09,91,100,10.4,overcast clouds
38,Mandal,IN,25.45,74.5667,89.74,36,93,14.41,overcast clouds
39,Portland,US,45.5234,-122.6762,66.78,86,75,1.01,broken clouds
40,Trabzon,TR,40.9167,39.8333,66.29,94,40,8.05,scattered clouds
41,Kahului,US,20.8947,-156.47,80.62,68,20,16.11,few clouds
42,Carnarvon,AU,-24.8667,113.6333,70.47,68,0,11.68,clear sky
43,Ushuaia,AR,-54.8,-68.3,40.66,87,75,5.75,light intensity drizzle
44,Lompoc,US,34.6391,-120.4579,94.69,60,0,10.36,clear sky
45,Tiksi,RU,71.6872,128.8694,37.87,76,94,7.18,overcast clouds
46,Castro,BR,-24.7911,-50.0119,51.03,67,100,5.14,overcast clouds
47,Victoria,HK,22.2855,114.1577,80.65,87,97,11.16,overcast clouds
48,Umm Kaddadah,SD,13.6017,26.6876,91.74,31,100,25.37,overcast clouds
49,Provideniya,RU,64.3833,-173.3,37.02,71,89,1.5,overcast clouds
50,Puerto Ayora,EC,-0.7393,-90.3518,76.96,89,57,8.01,broken clouds
51,Kasongo-Lunda,CD,-6.4667,16.8167,70.43,39,0,2.51,clear sky
52,Alofi,NU,-19.0595,-169.9187,73.29,100,80,9.22,broken clouds
53,Lagoa,PT,39.05,-27.9833,60.46,82,100,9.35,overcast clouds
54,Cheyenne,US,41.14,-104.8203,89.78,15,0,17.0,clear sky
55,The Valley,AI,18.217,-63.0578,86.14,70,40,20.71,scattered clouds
56,Bridlington,GB,54.0831,-0.1919,63.14,75,10,13.51,clear sky
57,Gamba,GA,-2.65,10.0,75.63,87,0,4.81,clear sky
58,Caravelas,BR,-17.7125,-39.2481,75.83,79,67,8.08,broken clouds
59,East London,ZA,-33.0153,27.9116,68.94,45,0,8.05,clear sky
60,Buchanan,LR,5.8808,-10.0467,78.01,84,90,7.83,light rain
61,Evensk,RU,61.95,159.2333,41.36,95,100,8.28,light rain
62,Rio Gallegos,AR,-51.6226,-69.2181,51.85,50,0,11.5,clear sky
63,Shelburne,CA,44.0787,-80.2041,73.9,55,35,10.04,scattered clouds
64,Bethel,US,41.3712,-73.414,77.14,56,0,1.01,clear sky
65,Yueyang,CN,29.3333,113.0919,72.7,75,100,6.31,overcast clouds
66,Tuy Hoa,VN,13.0833,109.3,77.29,88,83,4.65,broken clouds
67,Aripuana,BR,-9.1667,-60.6333,79.79,57,95,4.16,light rain
68,Tura,IN,25.5198,90.2201,73.92,98,88,8.37,light rain
69,Esperance,AU,-33.8667,121.9,57.65,75,77,16.51,broken clouds
70,Sao Filipe,CV,14.8961,-24.4956,73.49,85,18,5.86,few clouds
71,San Patricio,US,28.017,-97.5169,99.07,30,5,12.66,clear sky
72,Tsalenjikha,GE,42.6044,42.0682,68.49,73,0,5.08,clear sky
73,Butaritari,KI,3.0707,172.7902,81.52,77,62,11.61,broken clouds
74,Ponta Do Sol,PT,32.6667,-17.1,75.7,79,0,1.16,clear sky
75,Cape Town,ZA,-33.9258,18.4232,70.12,47,0,6.91,clear sky
76,Bandiagara,ML,14.3501,-3.6104,98.01,23,5,3.31,clear sky
77,Taltal,CL,-25.4,-70.4833,62.28,69,22,4.43,few clouds
78,Ambon,ID,-3.6954,128.1814,77.14,100,40,2.3,scattered clouds
79,Souillac,MU,-20.5167,57.5167,73.78,73,75,10.36,broken clouds
80,Cherskiy,RU,68.75,161.3,61.12,38,100,5.21,overcast clouds
81,Faya,SA,18.3851,42.4509,77.52,38,0,3.98,clear sky
82,Ust-Ilimsk,RU,58.0006,102.6619,54.54,62,61,4.18,broken clouds
83,Norman Wells,CA,65.282,-126.8329,53.64,76,75,11.5,broken clouds
84,Mabaruma,GY,8.2,-59.7833,84.2,84,75,6.91,broken clouds
85,Waingapu,ID,-9.6567,120.2641,75.87,82,93,10.45,overcast clouds
86,Pisco,PE,-13.7,-76.2167,65.01,82,20,6.91,mist
87,Mujiayingzi,CN,42.1167,118.7833,61.48,79,100,6.6,heavy intensity rain
88,Guerrero Negro,MX,27.9769,-114.0611,76.75,53,6,14.92,clear sky
89,Beloha,MG,-25.1667,45.05,67.57,83,2,14.29,clear sky
90,Port Elizabeth,ZA,-33.918,25.5701,62.89,59,100,3.44,overcast clouds
91,Seoul,KR,37.5683,126.9778,65.8,72,0,4.61,clear sky
92,Upernavik,GL,72.7868,-56.1549,30.45,79,25,14.09,scattered clouds
93,Chuy,UY,-33.6971,-53.4616,52.23,62,49,16.44,scattered clouds
94,Avarua,CK,-21.2078,-159.775,75.25,69,75,8.05,broken clouds
95,Taksimo,RU,56.3444,114.8794,57.51,69,100,1.9,overcast clouds
96,Yar-Sale,RU,66.8333,70.8333,57.27,77,100,8.23,overcast clouds
97,Henties Bay,NA,-22.116,14.2845,66.16,59,0,5.03,clear sky
98,Sukhumi,GE,43.0033,41.0153,70.92,74,5,5.32,clear sky
99,Mandla,IN,22.6,80.3833,88.65,43,100,6.4,overcast clouds
100,Leningradskiy,RU,69.3833,178.4167,34.81,71,87,10.13,overcast clouds
101,Kitimat,CA,54.0524,-128.6534,55.78,94,100,3.02,light rain
102,Vanavara,RU,60.34,102.2797,46.81,72,59,4.76,broken clouds
103,Tsumeb,NA,-19.2333,17.7167,60.96,39,0,8.86,clear sky
104,Luderitz,NA,-26.6481,15.1594,64.98,48,3,7.18,clear sky
105,Moree,AU,-29.4667,149.85,40.93,84,44,8.34,scattered clouds
106,Tuatapere,NZ,-46.1333,167.6833,35.17,94,100,4.38,light snow
107,Mar Del Plata,AR,-38.0023,-57.5575,55.42,65,0,11.5,light rain
108,Otradnoye,RU,59.7775,30.8181,66.25,78,19,3.56,few clouds
109,Tautira,PF,-17.7333,-149.15,78.22,81,51,21.59,light rain
110,Mecca,SA,21.4267,39.8261,93.38,36,0,3.27,clear sky
111,Bathsheba,BB,13.2167,-59.5167,86.61,66,20,24.16,few clouds
112,Kichera,RU,55.9375,110.0997,53.04,70,58,1.1,broken clouds
113,Puerto Leguizamo,CO,-0.1934,-74.7819,70.63,99,100,3.71,overcast clouds
114,Portel,BR,-1.9356,-50.8211,82.31,85,92,2.17,overcast clouds
115,Hobart,AU,-42.8794,147.3294,39.06,87,75,14.97,broken clouds
116,Fortuna,US,40.5982,-124.1573,72.52,81,75,0.0,broken clouds
117,Periyanegamam,IN,10.7333,77.1,77.5,79,100,14.99,overcast clouds
118,Kodiak,US,57.79,-152.4072,53.11,82,100,8.05,overcast clouds
119,Sawtell,AU,-30.3833,153.1,42.19,100,0,1.14,clear sky
120,Itaqui,BR,-29.1253,-56.5531,52.84,47,0,6.73,clear sky
121,Wanlaweyn,SO,2.6185,44.8938,76.75,82,76,15.64,broken clouds
122,Jalu,LY,29.0331,21.5482,81.23,43,0,17.56,clear sky
123,Victor Harbor,AU,-35.5667,138.6167,50.68,76,100,10.58,overcast clouds
124,Tres Arroyos,AR,-38.3739,-60.2798,57.27,30,100,4.68,overcast clouds
125,Salta,AR,-24.7859,-65.4117,52.39,88,75,11.5,broken clouds
126,Lingyuan,CN,41.24,119.4011,62.58,81,100,5.26,heavy intensity rain
127,Ribeira Grande,PT,38.5167,-28.7,68.4,68,20,14.97,few clouds
128,Vaini,TO,-21.2,-175.2,73.56,100,40,4.61,scattered clouds
129,Cabo San Lucas,MX,22.8909,-109.9124,87.62,70,40,8.05,scattered clouds
130,Eirunepe,BR,-6.6603,-69.8736,73.08,75,96,5.3,overcast clouds
131,Umea,SE,63.8284,20.2597,57.13,82,0,12.66,clear sky
132,Torbay,CA,47.6666,-52.7314,72.37,53,75,20.71,broken clouds
133,Richards Bay,ZA,-28.783,32.0377,66.78,81,0,13.47,clear sky
134,Talcahuano,CL,-36.7167,-73.1167,53.28,87,20,8.05,few clouds
135,Sarankhola,BD,22.3082,89.7897,82.71,88,22,6.78,few clouds
136,Iqaluit,CA,63.7506,-68.5145,51.53,50,75,11.5,broken clouds
137,Tasiilaq,GL,65.6145,-37.6368,42.96,72,20,0.81,few clouds
138,Quelimane,MZ,-17.8786,36.8883,66.15,72,20,5.75,few clouds
139,Rundu,NA,-17.9333,19.7667,58.59,47,0,6.49,clear sky
140,Ciudad Bolivar,VE,8.1222,-63.5497,90.16,48,100,8.9,overcast clouds
141,Lillooet,CA,50.6856,-121.942,69.3,42,18,4.81,few clouds
142,Ostrovnoy,RU,68.0531,39.5131,55.96,60,17,9.06,few clouds
143,Sitka,US,57.0531,-135.33,51.69,82,100,8.05,moderate rain
144,Dudinka,RU,69.4058,86.1778,54.63,49,98,10.98,overcast clouds
145,Dikson,RU,73.5069,80.5464,42.15,74,100,16.35,overcast clouds
146,Sistranda,NO,63.7256,8.834,62.56,79,100,11.1,overcast clouds
147,Salym,RU,60.0625,71.4789,54.95,98,100,3.98,moderate rain
148,Mookane,BW,-23.688,26.6595,56.89,49,0,5.06,clear sky
149,Half Moon Bay,US,37.4636,-122.4286,94.87,63,0,17.27,clear sky
150,Bhunya,SZ,-26.55,31.0167,50.18,66,0,4.45,clear sky
151,Port Macquarie,AU,-31.4333,152.9167,44.33,74,0,6.73,clear sky
152,Ascension,US,30.2169,-90.9001,95.05,67,75,6.91,broken clouds
153,Palasa,IN,18.7667,84.4167,81.82,71,85,6.64,overcast clouds
154,Tikapur,NP,28.5,81.1333,90.37,31,70,8.34,broken clouds
155,Merritt Island,US,28.5392,-80.672,93.29,60,75,13.8,broken clouds
156,Maniitsoq,GL,65.4167,-52.9,41.94,78,13,10.67,few clouds
157,Avinurme,EE,58.9822,26.8642,61.34,81,70,5.28,broken clouds
158,Bambous Virieux,MU,-20.3428,57.7575,73.65,73,75,10.36,broken clouds
159,Kiruna,SE,67.8557,20.2251,52.72,87,75,8.05,light rain
160,Stonewall,CA,50.1344,-97.3268,76.78,52,66,6.42,broken clouds
161,Nizwa,OM,22.9333,57.5333,92.86,18,0,2.55,clear sky
162,Russell,US,32.3502,-85.1999,91.38,58,20,3.44,few clouds
163,Gardez,AF,33.5974,69.2259,67.39,31,100,2.51,overcast clouds
164,Juneau,US,58.3019,-134.4197,53.22,92,75,5.75,light rain
165,Nikolskoye,RU,59.7035,30.7861,66.09,76,37,3.69,scattered clouds
166,Khuzhir,RU,53.1939,107.3397,46.51,92,32,3.78,scattered clouds
167,Bardiyah,LY,31.7561,25.0865,73.78,74,0,16.71,clear sky
168,Sarlat-La-Caneda,FR,44.889,1.2166,73.87,57,66,2.95,broken clouds
169,Hilo,US,19.7297,-155.09,80.28,71,75,1.01,broken clouds
170,Barroso,BR,-21.1869,-43.9758,64.58,84,100,6.24,moderate rain
171,Guider,CM,9.9342,13.9486,88.43,42,7,3.76,clear sky
172,Ucluelet,CA,48.9329,-125.5528,55.09,93,38,4.99,scattered clouds
173,Ranong,TH,9.9658,98.6348,79.25,87,100,6.2,overcast clouds
174,Zaria,NG,11.1113,7.7227,76.73,70,26,4.5,light rain
175,Gat,IL,31.61,34.7642,89.4,27,0,6.89,clear sky
176,Riohacha,CO,11.5444,-72.9072,93.31,49,75,23.02,broken clouds
177,Aksarka,RU,66.5606,67.7975,58.78,76,72,11.97,light rain
178,Gisborne,NZ,-38.6533,178.0042,54.34,80,100,5.41,very heavy rain
179,Shingu,JP,33.7333,135.9833,64.24,89,100,4.41,overcast clouds
180,Altagracia De Orituco,VE,9.8601,-66.3814,86.54,55,90,5.88,overcast clouds
181,Chokurdakh,RU,70.6333,147.9167,51.55,45,26,11.56,scattered clouds
182,Isla Mujeres,MX,21.2311,-86.731,86.16,70,9,10.74,clear sky
183,Zyryanka,RU,65.75,150.85,48.2,81,63,6.06,broken clouds
184,Kruisfontein,ZA,-34.0033,24.7314,64.99,25,86,10.16,overcast clouds
185,Lingao,CN,19.9103,109.6859,79.74,87,98,6.51,overcast clouds
186,Mahibadhoo,MV,3.7833,72.9667,82.92,75,100,10.71,overcast clouds
187,Zhigansk,RU,66.7697,123.3711,47.98,82,100,12.08,overcast clouds
188,Antalaha,MG,-14.9003,50.2788,71.78,78,19,10.6,few clouds
189,Kodinsk,RU,58.6881,99.1844,56.73,61,57,5.84,broken clouds
190,Chapais,CA,49.7834,-74.8492,62.38,47,100,4.72,overcast clouds
191,Port Alfred,ZA,-33.5906,26.891,68.14,37,7,11.56,clear sky
192,Haradok,BY,55.4624,29.9816,68.23,90,19,5.46,few clouds
193,Kathmandu,NP,27.7167,85.3167,71.82,88,20,4.61,few clouds
194,Isangel,VU,-19.55,169.2667,76.91,89,100,6.06,overcast clouds
195,Laizhou,CN,37.1717,119.9214,67.39,77,100,11.54,overcast clouds
196,Pionerskiy,RU,54.9508,20.2275,66.04,77,9,1.83,clear sky
197,Khatanga,RU,71.9667,102.5,46.36,66,62,9.55,broken clouds
198,Hamina,FI,60.5697,27.1979,69.08,83,8,8.79,clear sky
199,Sangueya,GN,10.7,-14.3667,80.38,73,100,7.67,overcast clouds
200,Gizo,SB,-8.103,156.8419,80.89,75,1,5.01,clear sky
201,Gold Coast,AU,-28.0,153.4333,52.0,83,5,3.44,clear sky
202,Longyearbyen,SJ,78.2186,15.6401,39.04,75,75,10.36,broken clouds
203,Mogadishu,SO,2.0371,45.3438,79.21,82,52,17.2,broken clouds
204,Berea,US,41.3662,-81.8543,78.26,64,75,12.66,broken clouds
205,Hambantota,LK,6.1241,81.1185,79.14,94,75,2.3,broken clouds
206,Nago,JP,26.5881,127.9761,76.05,91,100,9.37,overcast clouds
207,Tagusao,PH,9.1924,117.8141,79.38,79,100,4.34,overcast clouds
208,Kalabo,ZM,-14.97,22.6814,59.5,49,3,5.44,clear sky
209,Krasnoyarskiy,RU,51.965,59.8967,58.03,83,12,6.73,few clouds
210,Tabriz,IR,38.08,46.2919,69.26,46,40,9.22,scattered clouds
211,Namibe,AO,-15.1961,12.1522,71.51,60,0,7.56,clear sky
212,Waipawa,NZ,-41.4122,175.5153,51.35,73,100,19.55,overcast clouds
213,Catamarca,AR,-28.4696,-65.7852,68.58,40,0,4.0,clear sky
214,Monrovia,LR,6.3005,-10.7969,78.1,85,100,8.7,light rain
215,Nangong,CN,37.3581,115.3744,71.58,77,100,10.22,moderate rain
216,Geraldton,AU,-28.7667,114.6,64.81,94,75,4.61,shower rain
217,Krasnoselkup,RU,65.7,82.4667,65.73,51,100,16.51,overcast clouds
218,Nuuk,GL,64.1835,-51.7216,52.41,62,75,9.22,broken clouds
219,Siparia,TT,10.1333,-61.5,78.64,85,100,13.76,overcast clouds
220,Saint Anthony,US,45.0205,-93.218,79.21,57,75,6.91,broken clouds
221,Corowa,AU,-36.0333,146.3833,47.41,88,100,15.1,overcast clouds
222,Bengkulu,ID,-3.8004,102.2655,74.86,91,100,6.82,light rain
223,Caceres,ES,39.522,-6.3748,97.0,13,37,6.02,scattered clouds
224,Auki,SB,-8.7676,160.7034,76.15,87,9,4.18,clear sky
225,Yining,CN,29.0361,114.5636,72.0,90,99,0.49,overcast clouds
226,Banda Aceh,ID,5.5577,95.3222,79.84,77,100,9.57,overcast clouds
227,Luwuk,ID,-0.9516,122.7875,77.52,86,100,1.23,overcast clouds
228,Taicheng,CN,38.731,113.228,58.44,90,100,2.15,light rain
229,Baykit,RU,61.67,96.37,53.76,60,90,4.94,overcast clouds
230,Taoudenni,ML,22.6783,-3.9836,107.67,6,59,7.23,broken clouds
231,Kanigoro,ID,-8.13,112.219,72.68,95,98,3.13,overcast clouds
232,Karratha,AU,-20.7377,116.8463,72.64,79,0,8.34,clear sky
233,Kununurra,AU,-15.7667,128.7333,66.18,30,80,6.91,broken clouds
234,Hami,CN,42.8,93.45,75.09,10,0,5.26,clear sky
235,Kholmsk,RU,47.0511,142.0569,44.89,96,99,6.02,overcast clouds
236,Srednekolymsk,RU,67.45,153.6833,52.5,58,7,1.52,clear sky
237,Constitucion,CL,-35.3333,-72.4167,60.3,45,11,3.06,few clouds
238,Santa Rosa,PH,14.3122,121.1114,84.18,82,80,2.08,broken clouds
239,Atambua,ID,-9.1061,124.8925,69.53,83,100,6.67,overcast clouds
240,Birao,CF,10.2849,22.7882,73.65,79,100,6.38,light rain
241,Correntina,BR,-13.3433,-44.6367,90.66,18,5,3.09,clear sky
242,Bundaberg,AU,-24.85,152.35,49.21,77,100,5.01,overcast clouds
243,Aksum,ET,14.1245,38.7244,72.73,25,0,4.43,clear sky
244,Luanda,AO,-8.8368,13.2343,77.0,69,20,6.91,few clouds
245,Atuona,PF,-9.8,-139.0333,77.5,67,7,14.23,clear sky
246,Quatre Cocos,MU,-20.2078,57.7625,73.51,72,100,18.3,overcast clouds
247,Tignere,CM,7.3667,12.65,65.7,91,21,2.98,light rain
248,Thompson,CA,55.7435,-97.8558,66.36,42,40,6.91,scattered clouds
249,Katsuura,JP,35.1333,140.3,64.92,94,100,23.42,moderate rain
250,Saint-Joseph,RE,-21.3667,55.6167,66.58,78,24,12.91,few clouds
251,South Lake Tahoe,US,38.9332,-119.9844,80.8,22,0,10.36,clear sky
252,Naryan-Mar,RU,67.6713,53.087,40.96,66,64,10.76,broken clouds
253,Copiapo,CL,-27.3667,-70.3333,56.89,33,0,4.68,clear sky
254,Jaffna,LK,9.6685,80.0074,82.36,85,100,22.79,overcast clouds
255,Jingdezhen,CN,29.2947,117.2079,69.39,88,100,3.71,overcast clouds
256,Alyangula,AU,-13.8483,136.4192,69.82,64,100,12.93,overcast clouds
257,Mehamn,NO,71.0357,27.8492,44.51,81,100,11.74,overcast clouds
258,Saint George,US,37.1041,-113.5841,105.64,12,60,4.0,broken clouds
259,Nuoro,IT,40.3211,9.3297,66.99,46,0,1.43,clear sky
260,Naze,JP,28.3667,129.4833,72.52,88,100,9.17,overcast clouds
261,Pevek,RU,69.7008,170.3133,39.72,58,53,7.85,broken clouds
262,San Jose,US,37.3394,-121.895,94.84,30,20,8.99,few clouds
263,Itoman,JP,26.1247,127.6694,77.02,92,100,8.05,overcast clouds
264,Portobelo,PA,9.55,-79.65,84.11,80,100,2.06,overcast clouds
265,Yumen,CN,40.2833,97.2,63.19,11,0,5.46,clear sky
266,Grindavik,IS,63.8424,-22.4338,53.55,81,75,18.41,broken clouds
267,Sorland,NO,67.667,12.6934,49.86,91,87,6.78,overcast clouds
268,Tatawin,TN,32.9297,10.4518,77.63,36,0,8.52,clear sky
269,Celestun,MX,20.8667,-90.4,87.69,58,0,9.22,clear sky
270,Ponte De Sor,PT,39.2496,-8.0101,87.67,40,0,13.78,clear sky
271,Daru,PG,-9.0763,143.2092,77.7,89,100,15.79,overcast clouds
272,Serdobsk,RU,52.4586,44.2169,62.55,80,60,6.91,broken clouds
273,Baruun-Urt,MN,46.6806,113.2792,52.47,63,94,6.24,overcast clouds
274,Bilma,NE,18.6853,12.9164,97.65,12,0,3.4,clear sky
275,Kontagora,NG,10.3999,5.4695,81.1,59,87,4.61,light rain
276,Batemans Bay,AU,-35.7167,150.1833,51.1,57,0,9.62,clear sky
277,Asau,RO,46.4333,26.4,63.95,100,100,5.21,overcast clouds
278,Bulawayo,ZW,-20.15,28.5833,50.79,82,0,8.52,clear sky
279,Neyshabur,IR,36.2133,58.7958,71.29,50,0,1.88,clear sky
280,Ust-Kut,RU,56.7938,105.7672,55.58,60,100,2.77,overcast clouds
281,Lavrentiya,RU,65.5833,-171.0,36.23,63,100,18.92,overcast clouds
282,Calabozo,VE,8.9242,-67.4293,88.03,55,100,7.14,overcast clouds
283,Coolum Beach,AU,-26.5333,153.1,53.11,78,5,7.74,clear sky
284,Vila Velha,BR,-20.3297,-40.2925,76.95,77,100,11.99,overcast clouds
285,Vaitape,PF,-16.5167,-151.75,79.86,77,55,18.75,moderate rain
286,Ulverstone,AU,-41.15,146.1667,50.18,47,68,11.99,broken clouds
287,Sibolga,ID,1.7427,98.7792,74.75,93,100,1.74,overcast clouds
288,Arman,RU,59.7,150.1667,37.02,97,100,1.32,overcast clouds
289,Karasjok,NO,69.4719,25.5112,56.55,78,100,5.08,light rain
290,Leh,IN,34.1667,77.5833,54.79,29,8,4.0,clear sky
291,Joshimath,IN,30.5667,79.5667,66.99,63,39,1.36,scattered clouds
292,Bad Orb,DE,50.2279,9.3478,66.81,72,42,3.11,scattered clouds
293,Sunnyside,US,46.3237,-120.0087,72.84,60,75,5.75,broken clouds
294,Belaya Gora,RU,68.5333,146.4167,57.69,59,2,0.76,clear sky
295,Batagay,RU,67.6333,134.6333,56.07,43,18,3.15,few clouds
296,Contamana,PE,-7.3333,-75.0167,75.92,64,100,4.12,overcast clouds
297,Kalispell,US,48.1958,-114.3129,63.77,88,100,10.36,overcast clouds
298,Caborca,MX,30.5838,-111.101,99.64,21,10,7.76,clear sky
299,Viedma,AR,-40.8135,-62.9967,62.01,23,54,11.88,broken clouds
300,Portsmouth,GB,50.799,-1.0913,67.51,76,26,11.01,scattered clouds
301,Zhezkazgan,KZ,47.8043,67.7144,68.41,38,63,6.89,broken clouds
302,Inhambane,MZ,-23.865,35.3833,71.58,83,40,3.44,scattered clouds
303,Azanka,RU,58.0401,64.7893,52.12,97,65,3.96,broken clouds
304,New Norfolk,AU,-42.7826,147.0587,38.7,84,100,3.0,overcast clouds
305,Nabire,ID,-3.3667,135.4833,75.02,91,23,3.0,few clouds
306,Laguna,US,38.421,-121.4238,95.43,31,0,9.22,clear sky
307,Gezing,AT,47.9178,13.1299,71.85,43,20,5.75,few clouds
308,Nelson Bay,AU,-32.7167,152.15,51.1,61,0,3.0,clear sky
309,Port Lincoln,AU,-34.7333,135.8667,52.52,74,21,6.58,few clouds
310,Robertsport,LR,6.7533,-11.3686,79.79,80,95,9.15,overcast clouds
311,Kaeo,NZ,-35.1,173.7833,59.32,91,79,16.17,broken clouds
312,Vagur,FO,61.4732,-6.8119,49.08,95,90,17.54,overcast clouds
313,Krasnyy Chikoy,RU,50.3643,108.7512,48.02,97,100,2.89,overcast clouds
314,Fare,PF,-16.7,-151.0167,79.74,76,41,18.23,moderate rain
315,Dunedin,NZ,-45.8742,170.5036,44.8,51,100,11.99,overcast clouds
316,Mount Gambier,AU,-37.8333,140.7667,50.76,78,100,10.11,overcast clouds
317,Chandbali,IN,20.7833,86.7667,88.0,63,100,11.48,overcast clouds
318,Aklavik,CA,68.2191,-135.0107,37.4,87,100,11.5,overcast clouds
319,Fort-Shevchenko,KZ,44.5086,50.263,73.22,54,0,6.29,clear sky
320,Fairbanks,US,64.8378,-147.7164,62.49,61,0,3.44,clear sky
321,Verkhnevilyuysk,RU,63.4453,120.3167,48.33,73,100,5.26,overcast clouds
322,Avon Park,US,27.5959,-81.5062,78.78,63,100,8.48,light rain
323,Tucuman,AR,-26.8241,-65.2226,64.4,48,65,4.61,broken clouds
324,Eureka,US,40.8021,-124.1637,77.18,77,100,4.0,overcast clouds
325,South Hill,US,47.1412,-122.2701,64.67,80,100,8.05,overcast clouds
326,Ugoofaaru,MV,5.6667,73.0,83.14,75,100,11.36,overcast clouds
327,Kuminskiy,RU,58.6667,66.5667,52.45,96,17,4.65,few clouds
328,Hokitika,NZ,-42.7167,170.9667,48.0,89,100,14.85,light rain
329,Marsa Matruh,EG,31.3525,27.2453,73.6,78,0,11.5,clear sky
330,Dzilam Gonzalez,MX,21.2833,-88.9333,97.29,34,0,6.2,clear sky
331,Mehran,IR,33.1222,46.1646,92.17,15,0,13.49,clear sky
332,Saint-Pierre,RE,-21.3393,55.4781,68.92,77,0,4.61,clear sky
333,Jonkoping,SE,57.7814,14.1562,65.91,52,10,10.36,clear sky
334,Palmer,US,42.1584,-72.3287,77.07,49,75,1.01,broken clouds
335,Saint-Augustin,CA,51.226,-58.6502,62.42,68,97,17.38,overcast clouds
336,Talara,PE,-4.5772,-81.2719,72.36,68,75,12.66,broken clouds
337,Poshtove,UA,44.8311,33.9545,67.51,82,100,5.86,overcast clouds
338,Lorengau,PG,-2.0226,147.2712,80.69,75,13,6.24,few clouds
339,Kenora,CA,49.8167,-94.4337,72.57,40,20,4.61,few clouds
340,Chaupimarca,PE,-10.4333,-76.5333,49.15,46,86,8.46,overcast clouds
341,Harper,LR,4.375,-7.7169,75.54,92,100,6.87,moderate rain
342,Tiznit,MA,29.5833,-9.5,77.2,56,2,6.42,clear sky
343,Haverfordwest,GB,51.8017,-4.9691,60.39,78,4,5.99,clear sky
344,Tuktoyaktuk,CA,69.4541,-133.0374,39.2,87,100,13.8,overcast clouds
345,Coquimbo,CL,-29.9533,-71.3436,55.13,76,20,6.91,few clouds
346,Georgetown,MY,5.4112,100.3354,76.98,94,40,5.01,scattered clouds
347,Broken Hill,AU,-31.95,141.4333,42.84,89,0,7.76,clear sky
348,Poum,NC,-20.2333,164.0167,75.6,80,100,14.36,overcast clouds
349,Sanok,PL,49.5557,22.2056,66.06,100,7,5.35,clear sky
350,Jiazi,CN,22.8779,116.067,78.64,91,98,3.96,overcast clouds
351,College,US,64.8569,-147.8028,62.47,62,75,3.44,broken clouds
352,Miri,MY,4.4148,114.0089,78.94,89,40,2.3,thunderstorm
353,Wufeng,CN,27.45,104.8333,57.87,99,100,2.13,overcast clouds
354,Manga,BF,11.6636,-1.0731,92.64,37,86,12.91,overcast clouds
355,Faanui,PF,-16.4833,-151.75,79.9,77,55,18.37,moderate rain
356,Navahrudak,BY,53.6,25.8333,58.05,92,0,6.17,clear sky
357,Severo-Kurilsk,RU,50.6789,156.125,43.45,87,81,11.23,broken clouds
358,Bafq,IR,31.6128,55.4107,86.94,14,0,10.6,clear sky
359,Navalgund,IN,15.5667,75.3667,74.48,78,100,12.01,overcast clouds
360,Sarangani,PH,5.4033,125.4636,83.79,71,94,11.25,overcast clouds
361,Kingaroy,AU,-26.5333,151.8333,44.04,75,6,10.83,clear sky
362,Itaperucu,BR,-25.22,-49.3478,54.81,52,100,3.27,overcast clouds
363,Pacasmayo,PE,-7.4006,-79.5714,68.97,72,36,15.01,scattered clouds
364,Goianesia,BR,-15.3175,-49.1175,86.04,28,100,4.81,overcast clouds
365,Tazovskiy,RU,67.4667,78.7,58.55,64,100,11.43,overcast clouds
366,Colonia,DE,50.9333,6.95,75.43,59,75,6.91,broken clouds
367,Mnogovershinnyy,RU,53.9353,139.9242,47.71,71,25,3.58,scattered clouds
368,Mandalgovi,MN,45.7625,106.2708,50.31,76,100,20.78,overcast clouds
369,Ridgecrest,US,35.6225,-117.6709,105.03,11,0,15.01,clear sky
370,Farah,AF,32.5,62.5,84.0,22,0,4.83,clear sky
371,Venado Tuerto,AR,-33.7456,-61.9688,58.77,24,0,6.51,clear sky
372,Ampanihy,MG,-24.7,44.75,65.97,86,1,11.95,clear sky
373,Olafsvik,IS,64.8945,-23.7142,46.72,81,100,6.98,overcast clouds
374,Pacific Grove,US,36.6177,-121.9166,85.55,69,0,7.0,clear sky
375,Cayenne,GF,4.9333,-52.3333,86.04,24,0,11.5,clear sky
376,Basco,PH,20.4487,121.9702,84.11,74,100,3.87,overcast clouds
377,Oyem,GA,1.5995,11.5793,73.27,78,88,1.03,overcast clouds
378,Salinopolis,BR,-0.6136,-47.3561,82.35,75,15,10.38,few clouds
379,Banepa,NP,27.6298,85.5214,70.12,88,20,4.61,few clouds
380,Nalut,LY,30.3333,10.85,81.95,23,0,13.87,clear sky
381,Oga,IT,46.4631,10.347,65.08,60,0,5.5,clear sky
382,Krasnogvardeyskoye,RU,45.8456,41.5186,75.43,39,68,8.3,broken clouds
383,Ailigandi,PA,9.2333,-78.0167,80.55,83,100,6.76,overcast clouds
384,Boo,SE,59.3333,18.2833,67.68,52,18,10.36,few clouds
385,Krzeszowice,PL,50.1425,19.6322,67.95,52,20,5.75,few clouds
386,Obuasi,GH,6.206,-1.6619,71.71,99,90,3.67,moderate rain
387,Neepawa,CA,50.2289,-99.4664,73.8,60,69,4.23,broken clouds
388,Dorado,PR,18.4588,-66.2677,84.09,79,75,12.66,broken clouds
389,Iwanai,JP,42.9744,140.5089,53.65,88,87,1.83,overcast clouds
390,Lebu,CL,-37.6167,-73.65,55.31,68,100,4.81,overcast clouds
391,Baijiantan,CN,45.6333,85.1833,86.54,22,35,6.04,scattered clouds
392,Tumarbong,PH,10.3766,119.4579,79.81,82,62,4.27,broken clouds
393,Fomboni,KM,-12.28,43.7425,79.52,70,0,18.19,clear sky
394,Anastacio,BR,-20.4836,-55.8069,71.83,26,100,8.37,overcast clouds
395,Roald,NO,62.5833,6.1333,61.16,72,75,9.22,broken clouds
396,Aykhal,RU,66.0,111.5,44.11,81,100,8.05,overcast clouds
397,Puerto Colombia,CO,10.9878,-74.9547,87.89,72,100,6.98,overcast clouds
398,Camopi,GF,3.1655,-52.3158,80.46,90,51,1.97,broken clouds
399,Petropavlovsk-Kamchatskiy,RU,53.0452,158.6483,39.79,100,40,4.47,mist
400,Airai,TL,-8.9266,125.4092,56.23,87,99,3.74,overcast clouds
401,Nargana,PA,9.4428,-78.5906,80.96,78,100,3.13,overcast clouds
402,Marawi,PH,7.9986,124.2928,68.4,93,100,3.11,overcast clouds
403,Agalatovo,RU,60.2195,30.2739,65.34,78,0,4.07,clear sky
404,Picayune,US,30.5255,-89.6795,90.86,69,61,6.4,broken clouds
405,Holland,US,42.7875,-86.1089,74.55,64,0,14.97,clear sky
406,Dubovka,RU,49.0583,44.829,77.95,60,81,6.4,broken clouds
407,Pangnirtung,CA,66.1451,-65.7125,37.4,87,100,10.36,overcast clouds
408,Biograd Na Moru,HR,43.9433,15.4519,77.7,60,0,11.21,clear sky
409,Minot,US,48.2325,-101.2963,74.8,68,0,4.61,clear sky
410,Gazimurskiy Zavod,RU,51.5461,118.3266,51.85,95,100,3.11,overcast clouds
411,Sulangan,PH,11.1373,123.7228,82.8,72,100,5.44,overcast clouds
412,Moose Factory,CA,51.2585,-80.6094,57.2,77,100,10.36,overcast clouds
413,Rwamagana,RW,-1.9487,30.4347,71.04,79,100,0.81,overcast clouds
414,Aswan,EG,24.0934,32.907,101.5,11,0,3.44,clear sky
415,Phan Thiet,VN,10.9333,108.1,78.22,91,96,2.86,overcast clouds
416,Dali,CN,25.7,100.1833,61.7,93,100,4.54,overcast clouds
417,Ust-Tsilma,RU,65.441,52.1498,45.52,61,94,6.62,overcast clouds
418,Comodoro Rivadavia,AR,-45.8667,-67.5,66.06,15,0,8.05,clear sky
419,Grants Pass,US,42.439,-123.3284,74.71,79,100,6.91,haze
420,Nishihara,JP,26.1842,127.7558,76.28,92,100,8.05,overcast clouds
421,Urusha,RU,54.05,122.9,52.39,61,0,1.3,clear sky
422,Chicama,PE,-7.8447,-79.1469,61.34,60,19,10.98,few clouds
423,Talnakh,RU,69.4865,88.3972,54.21,51,98,7.52,overcast clouds
424,Aljezur,PT,37.3191,-8.8033,74.46,65,50,4.34,scattered clouds
425,Aracati,BR,-4.5617,-37.7697,82.65,66,69,8.21,broken clouds
426,Sun Valley,US,39.5963,-119.776,88.3,22,40,16.11,scattered clouds
427,Carira,BR,-10.3608,-37.7011,75.65,85,83,8.59,broken clouds
428,Lobito,AO,-12.3481,13.5456,73.49,74,0,3.33,clear sky
429,Ta Khmau,KH,11.4833,104.95,82.45,83,40,2.3,scattered clouds
430,Meulaboh,ID,4.1363,96.1285,76.57,87,100,2.59,light rain
431,Zhuanghe,CN,39.7008,122.9911,63.05,79,100,1.61,overcast clouds
432,Ashland,US,40.8167,-82.2665,77.04,55,100,9.1,overcast clouds
433,Bansko,BG,41.8383,23.4885,57.33,97,86,4.65,overcast clouds
434,Saint-Denis,FR,48.9167,2.3333,77.56,48,0,6.91,clear sky
435,Ambanja,MG,-13.6833,48.45,70.92,88,47,3.22,light rain
436,Salalah,OM,17.0151,54.0924,87.89,79,75,8.05,broken clouds
437,Batsfjord,NO,70.6345,29.7185,58.78,47,20,6.91,few clouds
438,Laytown,IE,53.6819,-6.2392,61.0,78,10,17.78,clear sky
439,Turukhansk,RU,65.8167,87.9833,63.28,38,100,15.08,overcast clouds
440,Touros,BR,-5.1989,-35.4608,82.31,70,65,7.81,broken clouds
441,Prince Rupert,CA,54.3161,-130.3201,51.89,80,100,26.46,overcast clouds
442,Labuhan,ID,-6.8844,112.2051,79.77,84,93,4.88,overcast clouds
443,Isiolo,KE,0.3546,37.5822,69.73,68,91,15.75,overcast clouds
444,Magdalena,PH,14.1999,121.429,81.36,93,99,0.98,overcast clouds
445,Mandera,KE,3.9366,41.867,85.86,47,75,23.51,broken clouds
446,Balkanabat,TM,39.5108,54.3671,81.3,33,51,7.45,broken clouds
447,Feijo,BR,-8.1642,-70.3536,73.71,68,100,4.76,overcast clouds
448,Rabupura,IN,28.25,77.6,97.38,12,69,7.29,broken clouds
449,Oranjestad,AW,12.524,-70.027,87.75,66,40,20.71,scattered clouds
450,Kurilsk,RU,45.2333,147.8833,43.39,95,74,11.61,broken clouds
451,Te Anau,NZ,-45.4167,167.7167,39.06,97,100,5.93,overcast clouds
452,Nguruka,TZ,-5.1092,31.0419,72.32,51,68,2.15,broken clouds
453,Sao Joao Da Barra,BR,-21.6403,-41.0511,71.69,86,100,10.31,overcast clouds
454,Lima,PE,-12.0432,-77.0282,61.05,77,100,10.36,overcast clouds
455,Agadez,NE,19.75,10.25,95.88,16,88,5.35,overcast clouds
456,Twentynine Palms,US,34.1356,-116.0542,105.06,12,0,1.01,clear sky
457,Dolores Hidalgo,MX,21.1561,-100.9308,83.79,19,3,9.31,clear sky
458,Tahta,EG,26.7693,31.5021,99.09,12,0,8.37,clear sky
459,Kushima,JP,31.4583,131.2333,65.43,92,89,4.79,overcast clouds
460,Orlik,RU,52.5178,99.825,51.46,54,3,0.78,clear sky
461,Ilebo,CD,-4.3167,20.5833,76.03,48,0,0.85,clear sky
462,Porto Velho,BR,-8.7619,-63.9039,73.45,78,75,8.05,broken clouds
463,Hanyang,CN,32.1371,105.5126,64.99,94,100,2.91,moderate rain
464,Itaberai,BR,-16.0203,-49.8103,82.6,35,100,5.1,overcast clouds
465,Chitral,PK,35.8462,71.7858,73.06,45,17,1.19,few clouds
466,Kalmunai,LK,7.4167,81.8167,81.86,73,100,1.45,overcast clouds
467,Nanortalik,GL,60.1432,-45.2371,46.33,68,100,14.72,light rain
468,Natal,BR,-5.795,-35.2094,86.65,74,40,10.36,scattered clouds
469,Lhokseumawe,ID,5.1801,97.1507,78.64,83,100,4.14,moderate rain
470,Luganville,VU,-15.5333,167.1667,76.59,87,36,2.73,light rain
471,Jizan,SA,17.3333,42.6667,90.54,60,0,1.57,clear sky
472,Fort Nelson,CA,58.8053,-122.7002,63.99,59,75,0.0,broken clouds
473,Piedras Negras,MX,28.7,-100.5167,100.27,49,0,6.91,clear sky
474,Sembakung,ID,3.8167,117.25,72.52,99,63,1.86,broken clouds
475,Muroto,JP,33.2833,134.15,69.51,75,100,3.22,light rain
476,Zholymbet,KZ,51.7433,71.7122,60.39,61,0,9.13,clear sky
477,Dicabisagan,PH,17.0818,122.4157,79.34,86,94,2.35,overcast clouds
478,Jipijapa,EC,-1.3333,-80.5833,74.7,59,57,5.06,broken clouds
479,Anton Lizardo,MX,19.05,-95.9833,90.21,65,0,8.05,clear sky
480,Nanakuli,US,21.3906,-158.1547,81.45,62,0,5.75,clear sky
481,Port Hedland,AU,-20.3167,118.5667,68.05,88,100,5.75,overcast clouds
482,Kajaani,FI,64.2273,27.7285,62.65,77,100,8.05,overcast clouds
483,Hamilton,US,39.1834,-84.5333,78.26,66,40,8.05,scattered clouds
484,Tshela,CD,-4.9833,12.9333,71.24,92,2,1.28,clear sky
485,Izhma,RU,65.0083,53.9113,45.39,53,100,10.11,overcast clouds
486,Awbari,LY,26.5921,12.7805,90.37,19,0,12.19,clear sky
487,Altamira,BR,-3.2033,-52.2064,80.19,75,100,3.22,overcast clouds
488,Narasannapeta,IN,18.4167,84.05,81.05,73,82,5.26,broken clouds
489,Brooks,CA,50.5834,-111.8851,73.38,34,6,4.61,clear sky
490,Kikwit,CD,-5.041,18.8162,75.29,43,0,1.41,clear sky
491,Erie,US,42.7667,-78.6664,75.99,52,26,5.01,scattered clouds
492,Metro,ID,-5.1131,105.3067,74.21,93,100,5.17,overcast clouds
493,Srednebelaya,RU,50.6594,128.0106,57.58,80,0,6.49,clear sky
494,Rio Grande,BR,-32.035,-52.0986,57.31,58,11,19.57,few clouds
495,Qaqortoq,GL,60.7167,-46.0333,46.62,59,100,1.41,overcast clouds
496,Nesna,NO,66.1967,13.0213,55.67,87,48,2.19,scattered clouds
497,Komsomolskiy,UZ,40.4272,71.7189,77.72,44,24,0.0,few clouds
498,Sabak,MY,3.7675,100.9875,73.45,97,100,5.37,overcast clouds
499,Grand Gaube,MU,-20.0064,57.6608,73.8,78,99,7.0,light rain
500,Merauke,ID,-8.4667,140.3333,76.3,92,99,12.57,overcast clouds
501,Hit,IQ,33.6416,42.8251,91.26,14,0,9.37,clear sky
502,Wakkanai,JP,45.4094,141.6739,50.22,95,100,3.06,overcast clouds
503,Havoysund,NO,70.9963,24.6622,48.43,81,100,12.75,light rain
504,Codrington,AU,-38.2667,141.9667,52.25,75,100,18.57,overcast clouds
505,Zaranj,AF,30.9667,61.8833,93.16,18,0,22.93,clear sky
506,Liberal,US,37.0431,-100.921,94.24,43,0,5.75,clear sky
507,Mayumba,GA,-3.432,10.6554,76.39,85,0,6.35,clear sky
508,Donauworth,DE,48.7,10.8,74.95,72,0,2.08,clear sky
509,Roma,US,43.2128,-75.4557,75.81,45,75,3.44,broken clouds
510,Port Hardy,CA,50.6996,-127.4199,57.38,77,75,6.91,broken clouds
511,Ouallam,NE,14.3188,2.0866,91.58,38,83,4.54,light rain
512,Moerai,PF,-22.4333,-151.3333,74.59,64,86,18.7,overcast clouds
513,Lincoln,US,40.8,-96.667,89.01,56,75,6.91,broken clouds
514,Anadyr,RU,64.75,177.4833,43.3,65,0,15.66,clear sky
515,Ust-Nera,RU,64.5667,143.2,49.98,52,17,5.1,few clouds
516,Brae,GB,60.3964,-1.353,53.15,91,100,29.75,overcast clouds
517,Kota Belud,MY,6.351,116.4305,76.35,87,7,4.18,clear sky
518,Hovd,MN,48.0056,91.6419,62.87,45,49,6.73,scattered clouds
519,Pskov,RU,57.8136,28.3496,64.31,77,0,0.0,clear sky
520,Kita,ML,13.0349,-9.4895,97.29,21,100,3.31,overcast clouds
521,Camana,PE,-16.6228,-72.7111,66.27,71,1,9.26,clear sky
522,Sangmelima,CM,2.9333,11.9833,70.92,78,33,1.48,scattered clouds
523,Ixtapa,MX,20.7,-105.2,93.29,50,20,7.72,few clouds
524,Deputatskiy,RU,69.3,139.9,50.9,66,4,3.38,clear sky
525,Bandundu,CD,-3.3167,17.3667,80.53,39,0,1.23,clear sky
526,Weiz,AT,47.2167,15.6167,71.26,73,0,5.44,clear sky
527,Key West,US,24.5557,-81.7826,91.4,65,20,9.22,few clouds
528,Kantunilkin,MX,21.0917,-87.45,96.13,32,1,6.96,clear sky
529,Nueva Guinea,NI,11.6876,-84.4562,78.93,82,75,13.62,broken clouds
530,Akdepe,TM,42.0551,59.3788,75.29,37,71,8.16,broken clouds
531,Zhangye,CN,38.9342,100.4517,66.99,16,99,3.18,overcast clouds
532,Guantanamo,CU,20.1444,-75.2092,86.47,48,84,10.11,broken clouds
533,Nicolas Bravo,MX,18.45,-88.9167,89.87,47,41,6.82,scattered clouds
534,Samarai,PG,-10.6167,150.6667,79.99,80,91,8.34,overcast clouds
535,Smithers,CA,54.7804,-127.1743,57.52,47,75,9.22,broken clouds
536,Mangaluru,IN,12.8667,74.8833,74.26,88,100,3.44,light intensity drizzle
537,Margate,GB,51.3813,1.3862,66.69,61,36,4.0,scattered clouds
538,Tessalit,ML,20.1986,1.0114,91.58,23,89,13.91,light rain
539,Mega,ET,4.05,38.3,63.05,59,32,7.52,scattered clouds
540,Aquiles Serdan,MX,17.7833,-92.2833,91.09,51,0,4.25,clear sky
541,Padang,ID,-0.9492,100.3543,71.65,97,100,2.08,moderate rain
542,Hockenheim,DE,49.3228,8.5458,72.59,57,20,1.28,few clouds
543,Honiara,SB,-9.4333,159.95,75.11,82,5,4.36,clear sky
544,Sola,VU,-13.8833,167.55,80.64,75,69,7.7,broken clouds
545,Bagotville,AU,-28.9833,153.4167,45.82,78,0,10.07,clear sky
546,General Roca,AR,-39.0333,-67.5833,64.62,21,100,7.02,overcast clouds
547,Sena Madureira,BR,-9.0656,-68.6569,75.47,60,100,5.5,overcast clouds
548,Miles City,US,46.4083,-105.8406,74.37,56,0,6.91,clear sky
549,Grootfontein,NA,-19.5667,18.1167,58.57,47,0,3.44,clear sky
550,Acajutla,SV,13.5928,-89.8275,83.88,72,100,5.19,overcast clouds
551,Axim,GH,4.8699,-2.2405,78.39,76,100,9.01,overcast clouds
552,Bousso,TD,10.4795,16.7117,87.35,43,18,3.6,few clouds
553,Klaksvik,FO,62.2266,-6.589,54.52,94,64,10.71,broken clouds
554,Cuza Voda,RO,44.2667,27.2667,69.01,87,100,5.73,overcast clouds
555,Coihaique,CL,-45.5752,-72.0662,38.01,80,0,3.44,clear sky
556,Sudak,UA,44.85,34.9667,70.74,78,100,6.46,overcast clouds
557,Sorong,ID,-0.8833,131.25,81.01,77,35,9.86,scattered clouds
558,Farakka,IN,24.8167,87.9,88.25,69,31,14.18,scattered clouds
559,Chiclana,AR,-35.7346,-61.7503,61.11,23,5,7.45,clear sky
560,Nemuro,JP,43.3236,145.575,48.34,99,100,10.13,overcast clouds
561,Surab,PK,28.4914,66.2585,77.56,41,89,5.73,overcast clouds
562,Marienburg,PL,54.0359,19.0266,67.57,79,62,4.59,broken clouds
563,Nome,US,64.5011,-165.4064,46.17,49,0,8.05,clear sky
564,Clarence Town,AU,-32.5833,151.7833,50.95,63,0,14.92,clear sky
565,Yerbogachen,RU,61.2767,108.0108,44.38,67,19,0.83,few clouds
566,Miramar,US,25.9873,-80.2323,88.99,72,0,9.22,clear sky
567,Kuryk,KZ,43.2,51.65,73.47,47,69,8.9,broken clouds
568,Mount Isa,AU,-20.7333,139.5,51.57,46,57,11.5,broken clouds
569,Paragominas,BR,-2.9667,-47.4833,79.79,93,100,2.91,overcast clouds
570,Tame,CO,6.461,-71.73,86.68,57,88,5.5,light rain
571,Oktyabrskoye,RU,43.0645,44.7417,60.94,63,10,11.18,clear sky
572,Abu Dhabi,AE,24.4667,54.3667,89.71,54,0,11.5,clear sky
573,Clyde River,CA,70.4692,-68.5914,34.03,86,100,14.97,overcast clouds
574,Cobija,BO,-11.0267,-68.7692,77.18,57,100,11.5,overcast clouds
575,Paraopeba,BR,-19.2757,-44.4033,80.17,42,100,8.43,overcast clouds
576,Bay Roberts,CA,47.5999,-53.2648,73.15,61,95,15.19,overcast clouds
577,Butembo,CD,0.15,29.2833,58.33,91,17,3.44,few clouds
578,Ambilobe,MG,-13.2,49.05,69.6,81,45,4.7,scattered clouds
579,Semey,KZ,50.4111,80.2275,72.1,47,82,9.48,broken clouds
580,Nombre De Dios,MX,23.85,-104.2333,88.36,22,4,4.23,clear sky
581,Beringovskiy,RU,63.05,179.3167,39.29,77,95,8.16,overcast clouds
582,Shimoda,JP,34.6667,138.95,63.1,90,100,23.11,light rain
583,Kamaishi,JP,39.2667,141.8833,60.1,98,100,4.54,moderate rain
584,Florianopolis,BR,-27.6146,-48.5012,62.69,48,0,3.44,clear sky
585,Natalinsk,RU,56.4739,57.8698,50.79,95,75,12.17,broken clouds
586,Wajima,JP,37.4,136.9,61.5,83,34,15.48,scattered clouds
587,Kathu,TH,7.9178,98.3332,83.75,83,100,8.72,overcast clouds
588,San Juan,AR,-31.5375,-68.5364,66.43,26,0,4.68,clear sky
589,Sakakah,SA,29.9697,40.2064,96.37,10,0,12.1,clear sky
590,Namatanai,PG,-3.6667,152.4333,78.31,80,3,6.91,clear sky
591,San Quintin,MX,30.4833,-115.95,73.78,64,7,12.8,clear sky
592,Novyy Urengoy,RU,66.0833,76.6333,59.13,94,100,10.45,overcast clouds
593,Vikhorevka,RU,56.1201,101.1636,58.59,54,47,1.41,scattered clouds
594,Loreto,MX,22.2667,-101.9667,82.26,24,0,7.85,clear sky
595,Malanje,AO,-9.5402,16.341,62.62,40,0,3.62,clear sky
596,Carutapera,BR,-1.195,-46.02,81.16,79,97,8.12,overcast clouds
597,Sozimskiy,RU,59.7418,52.2482,40.93,87,100,10.83,overcast clouds
598,Altus,US,34.6381,-99.334,101.52,34,0,10.36,clear sky
599,Hirara,JP,24.8,125.2833,79.02,86,100,5.86,overcast clouds
600,Bacolod,PH,10.6667,122.95,78.66,84,100,1.39,overcast clouds
601,Santa Fe,AR,-31.6333,-60.7,65.95,25,0,3.0,clear sky
602,Porto Santo,PT,33.072,-16.3415,68.38,77,40,13.8,scattered clouds
603,Gilgit,PK,35.9221,74.3087,71.53,54,100,1.88,overcast clouds
604,Ouagadougou,BF,12.3642,-1.5383,95.95,28,56,12.33,broken clouds
605,Mpika,ZM,-11.8343,31.4529,52.25,76,3,3.62,clear sky
606,Ushtobe,KZ,45.2514,77.9838,68.59,62,28,7.54,scattered clouds
607,Vestmanna,FO,62.1564,-7.1664,50.92,93,100,12.66,overcast clouds
608,Itarema,BR,-2.9248,-39.9167,81.57,77,10,9.84,clear sky
609,Terre Haute,US,39.4667,-87.4139,79.97,68,100,5.75,overcast clouds
610,Moron,AR,-34.6534,-58.6198,60.03,34,4,7.56,clear sky
611,Awjilah,LY,29.1081,21.2869,80.33,45,0,17.05,clear sky
612,Los Llanos De Aridane,ES,28.6585,-17.9182,69.55,88,20,14.97,few clouds
613,Changji,CN,44.0167,87.3167,83.19,21,0,2.24,clear sky
614,Clinton,US,42.587,-82.9199,79.41,55,75,11.5,broken clouds
615,Oktyabrskiy,RU,54.4815,53.471,54.34,93,99,6.98,overcast clouds
616,Vallenar,CL,-28.5708,-70.7581,73.98,28,0,4.92,clear sky
617,Athabasca,CA,54.7169,-113.2854,72.01,42,88,3.38,overcast clouds
618,Havre-Saint-Pierre,CA,50.2334,-63.5986,57.56,77,75,28.77,broken clouds
619,Santa Cruz,BO,-17.8,-63.1667,71.06,40,75,23.02,broken clouds
620,Brainerd,US,46.358,-94.2008,74.98,64,40,9.22,scattered clouds
621,Manyana,BW,-23.4,21.7167,54.1,40,0,7.87,clear sky
622,Champerico,GT,14.3,-91.9167,86.54,69,100,6.2,overcast clouds
623,Bukoba,TZ,-1.3317,31.8122,68.05,78,29,3.83,scattered clouds
624,Kudahuvadhoo,MV,2.6708,72.8944,82.94,74,100,9.42,overcast clouds
625,Berlevag,NO,70.8578,29.0864,58.8,93,100,13.8,light rain
626,Jeremoabo,BR,-10.075,-38.4808,78.12,75,28,7.25,light rain
627,Dongsheng,CN,39.8161,109.9776,58.48,22,50,9.66,scattered clouds
628,Viesite,LV,56.3475,25.5551,59.43,94,20,4.12,few clouds
629,Atar,MR,20.5169,-13.0499,109.45,17,19,6.91,dust
630,Narsaq,GL,60.9167,-46.05,51.03,55,100,2.39,overcast clouds
631,Eravur,LK,7.7733,81.6095,81.34,71,100,4.45,overcast clouds
632,Frontera Comalapa,MX,15.65,-92.1333,84.67,59,20,3.94,few clouds
633,Las Varas,MX,21.1667,-105.1667,86.72,66,21,9.24,few clouds
634,Pietermaritzburg,ZA,-29.6168,30.3928,54.68,61,0,4.29,clear sky
635,Coxim,BR,-18.5067,-54.76,75.97,45,99,5.39,overcast clouds
636,Ovalle,CL,-30.5983,-71.2003,71.56,34,0,3.13,clear sky
637,Sainte-Suzanne,RE,-20.9061,55.6089,69.98,73,75,11.5,broken clouds
638,Shaunavon,CA,49.6501,-108.4181,69.58,47,100,9.17,overcast clouds
639,Dahra,DZ,36.2546,0.8519,87.19,41,0,8.03,clear sky
640,Maceio,BR,-9.6658,-35.7353,76.44,88,75,4.61,broken clouds
641,Markova,UA,48.6758,24.4138,60.55,98,100,4.25,moderate rain
642,Woodward,US,36.4337,-99.3904,97.97,36,0,9.22,clear sky
643,Progreso,MX,21.2833,-89.6667,95.11,53,0,12.88,clear sky
644,San Juan Bautista,PE,-14.0108,-75.7358,81.16,30,0,6.8,clear sky
645,Ponta Delgada,PT,37.7333,-25.6667,68.5,82,75,11.5,broken clouds
646,Centralia,US,46.7162,-122.9543,65.34,70,100,5.75,haze
647,Sept-Iles,CA,50.2001,-66.3821,64.06,83,75,14.97,broken clouds
648,Zonguldak,TR,41.25,31.8333,58.51,94,100,5.28,overcast clouds
649,Asahikawa,JP,43.7678,142.3703,52.61,98,99,1.77,overcast clouds
650,Tezu,IN,27.9167,96.1667,74.39,98,100,2.91,overcast clouds
651,Verkhoyansk,RU,67.5447,133.385,57.78,46,77,0.92,broken clouds
652,Guadalupe,MX,25.6833,-100.25,98.4,27,7,7.78,clear sky
653,Antofagasta,CL,-23.65,-70.4,60.08,71,12,6.67,few clouds
654,Bumbuna,SL,9.05,-11.7333,76.17,92,48,3.42,scattered clouds
655,Najran,SA,17.4924,44.1277,86.65,12,12,1.88,few clouds
656,Eyl,SO,7.9803,49.8164,79.2,78,100,26.08,overcast clouds
657,Storforshei,NO,66.4043,14.5233,53.38,81,100,6.91,overcast clouds
658,Husavik,IS,66.0449,-17.3389,43.77,98,100,7.81,overcast clouds
659,Kungurtug,RU,50.5994,97.5228,48.52,51,0,1.7,clear sky
660,Port Hawkesbury,CA,45.6169,-61.3485,77.88,43,20,12.66,few clouds
661,Ahipara,NZ,-35.1667,173.1667,58.73,88,100,19.1,overcast clouds
662,Blagoyevo,RU,63.3667,47.9167,46.18,61,48,5.97,scattered clouds
663,Puerto Gaitan,CO,4.3133,-72.0816,73.94,93,100,6.78,light rain
664,Vila Franca Do Campo,PT,37.7167,-25.4333,68.2,93,100,7.65,moderate rain
665,Agen,FR,44.2,0.6333,82.49,42,100,4.61,overcast clouds
666,Kunming,CN,25.0389,102.7183,62.53,100,100,11.18,overcast clouds
667,Goderich,CA,43.7501,-81.7165,70.12,60,50,9.22,scattered clouds
668,Tilichiki,RU,60.4667,166.1,40.6,82,100,3.29,overcast clouds
669,Amahai,ID,-3.3333,128.9167,77.76,85,76,3.36,broken clouds
670,Sambava,MG,-14.2667,50.1667,71.33,83,93,13.82,overcast clouds
671,Belyy Yar,RU,53.6039,91.3903,60.69,65,0,2.24,clear sky
672,Sicuani,PE,-14.2694,-71.2261,56.71,22,0,5.14,clear sky
673,Killybegs,IE,54.6333,-8.45,55.11,86,41,20.83,scattered clouds
674,Sao Jose Da Coroa Grande,BR,-8.8978,-35.1478,79.41,80,11,4.94,few clouds
675,Khasan,RU,42.4308,130.6434,52.63,94,80,2.24,broken clouds
676,Kupang,ID,-10.1667,123.5833,76.19,74,100,13.62,overcast clouds
677,Rujewa,TZ,-8.7,34.3833,66.06,62,63,10.31,broken clouds
678,Kavaratti,IN,10.5669,72.642,83.37,78,99,17.4,overcast clouds
679,Amapa,BR,1.0,-52.0,78.28,85,84,2.19,broken clouds
680,Hinton,CA,53.4001,-117.5857,63.5,40,72,6.91,broken clouds
681,Olovyannaya,RU,50.95,115.5667,58.26,87,100,6.53,overcast clouds
682,Pailon,BO,-17.65,-62.75,72.5,33,100,11.39,overcast clouds
683,Benguela,AO,-12.5763,13.4055,72.84,70,0,1.57,clear sky
684,Ketchikan,US,55.3422,-131.6461,49.44,91,100,6.2,moderate rain
685,Nicoya,CR,10.1483,-85.452,84.47,72,96,0.94,overcast clouds
686,Lossiemouth,GB,57.7214,-3.2834,58.91,67,100,20.71,overcast clouds
687,Gallup,US,35.5281,-108.7426,87.03,15,100,4.0,overcast clouds
688,Sri Aman,MY,1.2376,111.4621,77.09,94,95,0.0,light rain
689,Mwinilunga,ZM,-11.7358,24.4293,54.91,62,1,4.32,clear sky
690,Odweyne,SO,9.4092,45.064,78.57,45,100,17.02,overcast clouds
691,Oistins,BB,13.0667,-59.5333,86.09,66,20,24.16,few clouds
692,Hakui,JP,36.8833,136.7833,65.23,91,85,8.14,overcast clouds
693,Parrita,CR,9.5201,-84.3225,83.41,75,91,7.96,overcast clouds
694,Longyan,CN,25.1072,117.0225,72.72,99,100,2.89,light rain
695,Itatiaia,BR,-22.4961,-44.5633,64.33,93,99,3.56,overcast clouds
696,Ferme-Neuve,CA,46.7001,-75.4493,72.27,37,27,8.16,scattered clouds
697,Omachi,JP,36.5,137.8667,59.41,94,100,0.38,moderate rain
698,Saint Albans,GB,51.75,-0.3333,69.15,48,39,18.41,scattered clouds
699,Sinnamary,GF,5.3833,-52.95,82.49,72,13,9.28,few clouds
700,Giyani,ZA,-23.3025,30.7187,59.95,58,0,2.62,clear sky
701,Bonavista,CA,48.6499,-53.1147,57.09,71,100,19.62,overcast clouds
702,Varhaug,NO,58.6147,5.6457,56.75,90,85,17.6,overcast clouds
703,Paracuru,BR,-3.41,-39.0306,83.1,72,18,9.13,few clouds
704,Bongandanga,CD,1.5,21.05,75.69,77,40,0.51,scattered clouds
